chapter,label,sheet
Galus Sejarah T3 Bab 1,.,Jawapan Praktik Galus UASA Sejarah T3 Bab 1.csv
Galus Sejarah T3 Bab 2,.,Jawapan Praktik Galus UASA Sejarah T3 Bab 2.csv
Galus Sejarah T3 Bab 3,.,Jawapan Praktik Galus UASA Sejarah T3 Bab 3.csv
Galus Sejarah T3 Bab 4,.,Jawapan Praktik Galus UASA Sejarah T3 Bab 4.csv
Galus Sejarah T3 Bab 5,.,Jawapan Praktik Galus UASA Sejarah T3 Bab 5.csv
Galus Sejarah T3 Bab 6,.,Jawapan Praktik Galus UASA Sejarah T3 Bab 6.csv
Galus Sejarah T3 Bab 7,.,Jawapan Praktik Galus UASA Sejarah T3 Bab 7.csv
Galus Sejarah T3 Bab 8,.,Jawapan Praktik Galus UASA Sejarah T3 Bab 8.csv
Inovasi Sejarah T3 Bab 1,.,Jawapan Inovasi APlus Sejarah T3 Bab 1.csv
Inovasi Sejarah T3 Bab 2,.,Jawapan Inovasi APlus Sejarah T3 Bab 2.csv
Inovasi Sejarah T3 Bab 3,.,Jawapan Inovasi APlus Sejarah T3 Bab 3.csv
Inovasi Sejarah T3 Bab 4,.,Jawapan Inovasi APlus Sejarah T3 Bab 4.csv
Inovasi Sejarah T3 Bab 5,.,Jawapan Inovasi APlus Sejarah T3 Bab 5.csv
Inovasi Sejarah T3 Bab 6,.,Jawapan Inovasi APlus Sejarah T3 Bab 6.csv
Inovasi Sejarah T3 Bab 7,.,Jawapan Inovasi APlus Sejarah T3 Bab 7.csv
Inovasi Sejarah T3 Bab 8,.,Jawapan Inovasi APlus Sejarah T3 Bab 8.csv
Inovasi Sejarah T3 Kertas Modal UASA,.,Jawapan Inovasi APlus Sejarah T3 Kertas Modal UASA.csv
